Frase,Película
"El amor es demasiado débil como palabra para lo que siento - tengo hambre, tengo sed de ti. Me consumo",El paciente inglés
"No eres responsable de cómo te ves, pero sí de cómo te ven",American Beauty
"No todo el mundo puede llegar a ser un gran artista, pero un gran artista puede provenir de cualquier lugar",Ratatouille
"Siempre hay un poco de verdad detrás de cada 'solo bromeaba', un poco de conocimiento detrás de cada 'no lo sé', un poco de emoción detrás de cada 'no me importa' y un poco de dolor detrás de 'está bien'",Eterno resplandor de una mente sin recuerdos
Las ideas son a prueba de balas,V de Vendetta
"Nunca te arrepientas de nada, porque en un momento era exactamente lo que querías",El lado bueno de las cosas
"Lo que hacemos en la vida, hace eco en la eternidad",Gladiador
"No son las habilidades lo que muestra cómo somos, son nuestras decisiones",Harry Potter y la cámara secreta
A veces la verdad no es suficiente. A veces la gente merece más,El caballero oscuro
"Si fuera fácil, todo el mundo lo haría",Moneyball
Algunas personas no pueden creer en sí mismas hasta que alguien más cree en ellas primero,El indomable Will Hunting
"No es lo que está debajo de la máscara de un hombre, sino lo que hace, lo que le define",Batman Begins
No hay hombre más infeliz que aquel que nunca ha enfrentado la adversidad,La vida de Pi
"La felicidad se puede encontrar incluso en los momentos más oscuros, si somos capaces de usar bien la luz",Harry Potter y el prisionero de Azkaban
"Las palabras son, en mi no tan humilde opinión, nuestra más inagotable fuente de magia",Harry Potter y las reliquias de la muerte
Los sueños significan trabajo,La princesa y el sapo
El mundo está lleno de cosas obvias que nadie por casualidad jamás observa,Sherlock Holmes
Un momento puede cambiar todo,Antes del amanecer
Las palabras nos pueden hacer infinitamente felices o sumamente tristes,Medianoche en París
"Nunca dejes que nadie te diga que no puedes hacer algo. Ni siquiera yo. Si tienes un sueño, tienes que protegerlo",En busca de la felicidad
"El arte nunca se termina, solo se abandona",El tren de las 3:10
"Ya no veo mal o bien, solo veo lo que es",El libro de Eli
El mayor problema de este mundo es que no nos entendemos los unos a los otros,Crash
"El respeto es algo que no se da, se merece",Gran Torino
Hay tres tipos de personas en este mundo: los que saben contar y los que no,Austin Powers
"Aunque estés preparado para lo peor, nunca lo estás realmente",Mystic River
No hay nada como el hogar,El mago de Oz
Un gran poder conlleva una gran responsabilidad,Spider-Man
Algunas veces las personas más reales son las que nunca existieron,El club de los poetas muertos
Lo único constante es el cambio,El curioso caso de Benjamin Button
Jamás permitas que otros te digan quién eres,El rey león
"La belleza no está en los rostros, está en el corazón","Babe, el cerdito valiente"
La mayor debilidad del hombre es rendirse cuando todavía tiene fuerzas para seguir,Los puentes de Madison
"La verdadera libertad está en no poder ser encarcelado, torturado o asesinado por expresar tus opiniones",V de Vendetta
"La gente puede ser amada, pero las cosas solo pueden ser usadas. La confusión comienza cuando empezamos a amar cosas y a usar personas",El diablo viste de Prada
Somos lo que elegimos ser,Spider-Man
Cualquiera puede cocinar,Ratatouille
"El hombre no es lo que es por lo que escribe, sino por lo que ha leído",El lector
Todo lo que queremos está al otro lado del miedo,La vida secreta de Walter Mitty
Hay cosas que se rompen y nunca se pueden arreglar,Los puentes de Madison
"La valentía no es la ausencia de miedo, sino el triunfo sobre él",El discurso del rey
La distancia es lo único que hace que el corazón crezca,Her
"Mi filosofía es que no puedes vencer al miedo, solo puedes aprender a vivir con él",A ciegas
Los sueños no funcionan si no lo haces,La bella y la bestia
"No es suficiente con sobrevivir, hay que merecer sobrevivir",Gravedad
"El dolor es inevitable, el sufrimiento es opcional",La vida de Pi
A veces el no hacer nada es el acto más poderoso que existe,Matrix
"Algunos dicen que la vida es demasiado corta para el amor, pero yo digo que es muy larga para estar solo",Intocable
"Lo hermoso de la vida no es cómo termina, sino cómo se vive",Seven
La vida es una suma de nuestras decisiones,El lado bueno de las cosas
No hay mejor noticia que la de estar vivo,Castaway
El fracaso no es una opción,Apollo 13
Este es el comienzo de una hermosa amistad,Casablanca
Nadie puede hacerte sentir inferior sin tu consentimiento,El discurso del rey
"El cambio duele, pero el estancamiento mata",Una mente maravillosa
La realidad es a menudo decepcionante,Avengers: Infinity War
Lo único que podemos hacer es darle un buen uso al tiempo que se nos ha concedido,El Señor de los Anillos: La Comunidad del Anillo
La felicidad solo puede ser encontrada si se mira dentro de uno mismo,Harry Potter y la piedra filosofal
"No es la ausencia de miedo, es el dominio del miedo; es la superación del miedo",Invictus
La esperanza es lo que hace que los pájaros canten ante el amanecer más oscuro,Shawshank Redemption
"Si piensas que estás listo, no lo estás",Alicia en el país de las maravillas
"La belleza es poder, una sonrisa es su espada",La gran belleza
"El pasado puede doler, pero puedes huir de él o aprender de él",El rey león
La aventura está allí fuera,Up
El miedo es el asesino de la mente,Dune
"Recuerda, no importa dónde vayas, ahí estarás",El mundo según Wayne
La verdad rara vez es pura y nunca es simple,Un método peligroso
"No importa cuánto tiempo te escondas, la verdad siempre saldrá a la luz",Secretos de un matrimonio
"El perdón libera el alma. Elimina el miedo. Por eso, el perdón es un arma tan poderosa",Invictus
La primera regla del Club de la Lucha es: no hablar del Club de la Lucha,El Club de la Lucha
Morir sería una gran aventura,Hook
"No me gustas cuando estás en silencio, como si estuvieras vacío",El lado oscuro del corazón
Cada hombre es el arquitecto de su propio destino,Gladiador
"La complejidad no es un vicio, pero debes justificarla",Interestelar
"La perfección no existe, pero si insistes, puedes conseguir la excelencia",El club de los poetas muertos
La gente me pregunta si sé boxear. Siempre les contesto lo mismo: ¿Sabes respirar?,Creed
A veces el camino menos transitado es el menos transitado por una buena razón,Memorias de África
"Cada vez que te veo, es como la primera vez",Eterno resplandor de una mente sin recuerdos
Nunca sabes lo fuerte que eres hasta que ser fuerte es la única opción que te queda,Inquebrantable
"La leyenda es un relato no verificado transmitido por tradición oral, que se refiere a un acontecimiento maravilloso o sobrenatural",Leyendas de pasión
"La vida no es lo que uno vivió, sino lo que uno recuerda y cómo lo recuerda para contarlo",El amor en los tiempos del cólera
"Si hay un plan, se estropea. Si no hay plan, no puede estropearse",Parásitos
No es suficiente ver el mundo como es. Debes poder imaginar el mundo como podría ser,Los Miserables
"La felicidad puede encontrarse hasta en los momentos más oscuros, si somos capaces de usar bien la luz",Harry Potter y el prisionero de Azkaban
La locura es hacer lo mismo una y otra vez esperando resultados diferentes,Lejos del cielo
Mi madre decía que la vida es como una caja de chocolates. Nunca sabes lo que te va a tocar,Forrest Gump
La ignorancia es la raíz de todo mal,Ex Machina
El tiempo que perdiste por tu rosa es lo que hace que tu rosa sea tan importante,El principito
"La vida no se mide por las veces que respiras, sino por los momentos que te dejan sin aliento",Hitch: Especialista en ligues
Puedes ser lo que quieras ser. Lo único que te limita es tu imaginación,La vida secreta de Walter Mitty
"Hay dos clases de dolor: el dolor que te hace más fuerte y el dolor inútil, el dolor que solo provoca sufrimiento",House of Cards
A veces necesitamos contar mentiras para llegar a la verdad,Misión imposible
Nunca confianza. Esa es la clave de una buena vida,Reservoir Dogs
"El miedo hace cautivo al hombre, la esperanza lo libera",Cadena perpetua
"Si buscas la perfección, nunca estarás contento",Anna Karenina
Las cicatrices nos recuerdan que el pasado fue real,El caballero oscuro
A veces son las personas de las que menos esperamos las que hacen cosas que nunca hubiéramos imaginado,Harry Potter y el prisionero de Azkaban
"No hay nada que podamos hacer para cambiar el pasado, pero sí hay mucho que podemos hacer para cambiar el futuro",El curioso caso de Benjamin Button
"La guerra no determina quién tiene razón, solo quién queda",El caballero oscuro
El tiempo es siempre oportuno para hacer lo correcto,Selma
"La vida está llena de posibilidades, solo hay que ser lo suficientemente valiente para verlas",Mujercitas
El miedo te hace más valiente. Esa es mi secreta receta,Kung Fu Panda
"Lo que hagamos en esta vida, tendrá eco en la eternidad",Gladiador
"Solo cuando perdemos todo, somos libres para hacer cualquier cosa",El club de la lucha
Las mentiras que nos contamos para justificar los medios,El lobo de Wall Street
"La felicidad es una decisión que se toma, no una condición que se experimenta",La vida es bella
Las coincidencias son el guiño de Dios,La red social
"El dinero no es una meta, es un medio",El lobo de Wall Street
"Las reglas del juego cambian, pero el juego no",Ocean's Eleven
"Ayer es historia, mañana es un misterio, pero hoy es un regalo, por eso se llama presente",Kung Fu Panda
"La gente no cambia, sólo se revela",Up in the Air
El ojo ve sólo lo que la mente está preparada para comprender,El show de Truman
No hay nadie más sordo que el que no quiere oír,Babel
La verdad está ahí fuera,Expediente X
El miedo alimenta al miedo,Dune
"No me defino por lo que me sucede, sino por cómo respondo a ello",Shawshank Redemption
"La naturaleza no es cruel, solo despiadadamente indiferente",La vida de Pi
"La vida es sufrimiento, princesa. Cualquiera que diga lo contrario está vendiendo algo",La princesa prometida
Nunca es demasiado tarde para ser lo que podrías haber sido,El exótico hotel Marigold
El amor es la única fuerza capaz de transformar a un enemigo en un amigo,Invictus
"Todo es posible, incluso lo imposible",Mary Poppins
Nunca confundas amabilidad con debilidad,El padrino
"Para ver el mundo en un grano de arena y el cielo en una flor silvestre, sostén el infinito en la palma de tu mano y la eternidad en una hora",Blade Runner
No hay lugar como el hogar,El mago de Oz
Nunca debes rendirte. Nunca debes dejar que te digan que no puedes hacer algo,En busca de la felicidad
La familia es lo primero,Los increíbles
La fuerza no proviene de la capacidad física sino de la voluntad indomable,Mandela: del mito al hombre
"El perdón no cambia el pasado, pero sí el futuro",La lista de Schindler
"No puedes vivir tu vida para otras personas. Tienes que hacer lo que es correcto para ti, incluso si eso lastima a algunas personas que amas",El diario de Noah
El éxito consiste en ir de fracaso en fracaso sin perder el entusiasmo,La teoría del todo
El mayor truco del diablo fue convencer al mundo de que no existía,Sospechosos habituales
La verdad nunca daña una causa que es justa,Selma
"No son nuestras habilidades las que muestran cómo somos realmente, son nuestras elecciones",Harry Potter y la cámara secreta
El momento más oscuro es justo antes del amanecer,El caballero oscuro
"La felicidad se puede encontrar incluso en los momentos más oscuros, si uno recuerda encender la luz",Harry Potter y el prisionero de Azkaban
Cada hombre debe inventar su propio camino,El padrino
La vida se contrae o se expande en proporción al coraje de uno,Valkiria
No importa lo que te hayan hecho. Lo que importa es qué haces con lo que te hicieron,Joker
"La vida es un regalo, y no pienso desperdiciarla",Titanic
Los que sueñan de día conocen muchas cosas que escapan a los que sueñan sólo de noche,La gran belleza
El hogar es donde está el corazón,Avatar
"No podemos cambiar el pasado, pero siempre podemos cambiar el futuro",Kung Fu Panda
"Siempre que tengas dudas, consulta tu corazón",Mulán
"Somos lo que hacemos repetidamente. La excelencia, entonces, no es un acto, sino un hábito",El último samurái
La guerra te hace monstruo y luchas por mantener tu humanidad,El francotirador
Nunca dejes que nadie te diga que no sabes amar,Moulin Rouge
A veces hay que perderlo todo para darse cuenta de lo que realmente importa,La vida secreta de Walter Mitty
"Lo que define a un hombre no es cómo cae, sino cómo se levanta",Batman Begins
"Uno no es lo que es por lo que escribe, sino por lo que ha leído",El lector
A veces las preguntas son complicadas y las respuestas simples,El gran Gatsby
La suerte favorece a los audaces,El curioso caso de Benjamin Button
"Las cosas más bellas del mundo no se pueden ver ni tocar, se sienten con el corazón",El principito
"Lo difícil no es encontrar el amor, sino mantenerlo",Amelie
La imaginación es más importante que el conocimiento,Einstein (Una mente brillante)
"No eres tú, es tu personalidad",Cómo perder a un chico en 10 días
"La vida es un viaje, no un destino",El viaje de Chihiro
"No sé a dónde voy, pero sí sé de dónde vengo",Avatar
"Las historias nos definen, nos enseñan, nos cautivan, nos inspiran, nos cambian",La vida secreta de Walter Mitty
Mi única esperanza es la expectativa de lo inesperado,El gran Gatsby
"Un solo acto de bondad arroja raíces en todas direcciones, y las raíces brotan y crean nuevos árboles",El laberinto del fauno
La belleza está en el interior,La bella y la bestia
El destino es lo que hacemos de él,Valiente
Nunca me he encontrado con un hombre que fuera tan malo que no hubiera algo bueno en él,Gran Torino
El verdadero amor es el que te ve como nadie te ha visto jamás,El lado bueno de las cosas
El dinero es la raíz de todo mal,El lobo de Wall Street
"Si no puedes ser mejor que tu competencia, vístete mejor que ellos",El diablo viste de Prada
La derrota solo fortalece a la determinación,Los juegos del hambre
No hay mejor plan que la determinación,Interestelar
"No hacemos lo que hacemos por las medallas o los reconocimientos. Lo hacemos porque hay que hacerlo, porque si no lo hacemos nosotros, nadie más lo hará",Los vengadores
El presente es lo único que importa,El origen
No dejes que nadie te diga nunca que eres menos que lo que realmente eres,Dumbo
"La vejez no viene sola, sino en pareja con la sabiduría",El exótico hotel Marigold
No hay lugar para la lógica en la fe,Los miserables
"No es suficiente tener el valor para saltar precipicios, hay que tener el valor para saltar los precipicios correctos",Instinto
"El verdadero poder, el poder que realmente necesitamos, viene de creer en nosotros mismos",El mago de Oz
El amor es amistad que ha sido incendiada,Annie Hall
La mejor manera de saber quién eres es quién dejas atrás,La vida de Pi
La distancia y el tiempo no son obstáculos para el amor verdadero,Her
"No importa lo que el mundo te haya hecho, lo que importa es lo que tú haces con lo que el mundo te ha hecho",Intocable
"La vida es fugaz, pero sus momentos son imborrables",Big Fish
Es en la oscuridad donde encontramos la luz,Star Wars: El ascenso de Skywalker
"Si puedes soñarlo, puedes hacerlo",El origen
Creer en uno mismo es el secreto del éxito,El libro de la selva
La felicidad depende de nosotros mismos,La vida es bella
La amistad significa compartir la carga,El Señor de los Anillos: La Comunidad del Anillo
El miedo es el enemigo de la razón,An Inconvenient Truth
La verdadera belleza está en lo imperfecto,Amélie
Todos somos al mismo tiempo demonios y ángeles,El exorcista
A veces las pequeñas cosas ocupan más espacio en nuestro corazón,Winnie the Pooh
Hay momentos en que solo un padre nos puede ayudar,To Kill a Mockingbird
El miedo mata la mente,Dune
El amor verdadero es más grande que el miedo a la muerte,Drácula
Los recuerdos nos definen,Blade Runner 2049
A veces el mundo se derrumba y lo único que podemos hacer es quedarnos ahí,La vida es bella
"No todas las serpientes son venenosas, pero es mejor tratarlas a todas como si lo fueran",Kill Bill
Hay dos tipos de personas en el mundo: lobos y ovejas. Decide qué eres y prepárate para las consecuencias,Nightcrawler
"Lo difícil no es conseguir libertad, sino saber qué hacer con ella",El origen del planeta de los simios
Nunca subestimes el poder de la negación,American Beauty
La vida es una gran lotería,Parásitos
"La familia no se elige, pero el amor sí",Little Miss Sunshine
"Lo que está escrito sin esfuerzo, normalmente es leído sin placer",La sociedad de los poetas muertos
La ironía del hombre es que aprende demasiado tarde,Instinto
Nunca confíes en nadie que tenga más problemas que tú,El gran Lebowski
Una amistad nunca se arruina por las respuestas. Lo que arruina una amistad son las preguntas,Pulp Fiction
"La persona más valiosa no es la que más tiene, sino la que menos necesita",Interestelar
El miedo es el camino hacia el lado oscuro,Star Wars: Episodio I - La amenaza fantasma
Un buen plan hoy es mejor que un plan perfecto mañana,El discurso del rey
"La vida no se mide por el número de veces que respiramos, sino por los momentos que nos dejan sin aliento",Troya
"No podemos elegir nuestro destino, pero sí podemos elegir a nuestros compañeros",El gigante de hierro
"En el ajedrez, el peón y el rey van a la misma caja cuando se acaba el juego",Ali
Lo más importante en la vida es decidir qué es lo más importante,Memorias de África
No juzgues las decisiones de alguien si no conoces sus razones,Cadena perpetua
Nunca es tarde para ser lo que podrías haber sido,El curioso caso de Benjamin Button
"No se trata de cuánto nos golpean, sino de cuánto podemos aguantar y seguir avanzando",Rocky Balboa
La gente tiene miedo de aquello que no comprende,X-Men
Las coincidencias son el destino tratando de permanecer anónimo,Serendipity
"La verdad te hace libre, pero primero te hará infeliz",Gloria
Nunca sabes lo fuerte que eres hasta que ser fuerte es la única opción,127 horas
"Cuando la vida te ofrece un sueño que supera con creces cualquiera de tus expectativas, no es razonable lamentarse cuando llega a su fin",Crepúsculo
Los hombres temen lo que no pueden ver,Batman Begins
Un hombre ve en el mundo lo que lleva en su corazón,El corazón de las tinieblas
"La mayoría de las personas existen, nada más",Oscar Wilde (El retrato de Dorian Gray)
"Cuando tengas dudas, consulta tu corazón",Mulán
"No esperes mirando la puerta cerrada, abre otras, aunque no sepas dónde conducen",El laberinto del fauno
El poder siempre ha sido peligroso. Atrae a los peores y corrompe a los mejores,Dune
"El momento en que dudas si puedes volar, pierdes para siempre la capacidad de hacerlo",Peter Pan
"El hombre que elimina un error y no pone la verdad en su lugar, está haciendo un gran servicio al error",El origen
Todos cargamos con secretos que esperamos que el mundo nunca encuentre,El secreto de sus ojos
"El coraje es resistencia al miedo, dominio del miedo; no ausencia de miedo",La delgada línea roja
Grandes cosas nunca vinieron de zonas de confort,La vida de Pi
La esperanza es buena. Quizás la mejor de las cosas. Y las cosas buenas nunca mueren,Cadena perpetua
Incluso la persona más pequeña puede cambiar el curso del futuro,El Señor de los Anillos
El dinero nunca duerme,Wall Street
"Carpe diem. Aprovecha el día, haz tu vida extraordinaria",El club de los poetas muertos
"Oh capitán, mi capitán",El club de los poetas muertos
No permitamos que nadie entre en nuestras mentes con sus pensamientos negativos,La vida es bella
"Buenos días, Vietnam!","Buenos días, Vietnam"
Nadie es perfecto,Con faldas y a lo loco
"Solo quieren fama. Bueno, la fama cuesta y aquí es donde van a empezar a pagar",Fama
Que el Señor abra camino a quien ayuda a su prójimo,La lista de Schindler
No vamos a hundirnos. Esta nave no se va a hundir,Titanic
Vamos a necesitar más café,Tiburón
La vida se abre camino,Parque Jurásico
Todo lo que necesitas es amor,Across the Universe
La libertad a veces no es algo que se te da. Es algo que debes tomar,Django desencadenado
"Eres más valiente de lo que crees, más fuerte de lo que pareces y más inteligente de lo que piensas",Winnie the Pooh
"¡Oye, tú, sí tú, sigue remando!",Buscando a Nemo
Sólo hay una cosa que hace que un sueño sea imposible: el miedo a fracasar,Los juegos del hambre
Una idea es a prueba de balas,Origen
"Nunca te rindas, nunca digas nunca",El curioso caso de Benjamin Button
"No importa cuánto tempo permanezca uno, siempre es difícil marcharse",El exótico hotel Marigold
Un sueño dentro de un sueño... lo habré plantado en su cerebro...,Origen
Las mentes brillantes suelen ir acompañadas de un toque de locura,Una mente maravillosa
"Para amar a alguien, hay que amarse primero a uno mismo",El diablo viste de Prada
"Hay ciertas cosas que no puedes compartir con otra gente sin terminar unidos, y enfrentarse a un trol de más de tres metros es una de ellas",Harry Potter y la piedra filosofal
No es bueno dejarse arrastrar por los sueños y olvidarse de vivir,Harry Potter y la piedra filosofal
"A veces, el viaje es más importante que el destino",El lado bueno de las cosas
La vida es más que supervivencia,Elysium
"El tiempo es más valioso que el dinero. Puedes obtener más dinero, pero no puedes obtener más tiempo",El origen
No hay mayor dolor que llevar una historia no contada dentro de ti,El lector
La esperanza es lo único más fuerte que el miedo,Los juegos del hambre
"El conocimiento, al igual que el aire, está hecho para ser compartido",Los juegos del hambre: En llamas
Un maestro tiene más que enseñar de lo que un estudiante tiene que aprender,Star Wars: Episodio VIII - Los últimos Jedi
"Si siempre haces lo que siempre has hecho, siempre obtendrás lo que siempre has obtenido",American Gangster
"Lo importante es el viaje, no el destino",Matrix Revolutions
"Lo que importa no es lo que miras, sino lo que ves",La vida secreta de Walter Mitty
En la naturaleza no existe la traición. Solo la lucha por sobrevivir,Avatar
"Si amas a alguien, déjalo ir. Si vuelve, es tuyo; si no lo hace, nunca lo fue",P.S. Te amo
Un día sin risa es un día perdido,Mary Poppins
La única forma de tener un amigo es ser uno,Toy Story
"No vemos las cosas como son, las vemos como somos nosotros",Medianoche en París
El cambio es la ley de la vida,Invictus
"Al final no recordamos los días, recordamos los momentos",Begin Again
La diferencia entre el genio y la estupidez es que el genio tiene límites,21 Black Jack
Un guerrero no es lo que tú piensas. Ser guerrero no significa ganar o tener éxito. Significa pelear,Million Dollar Baby
"La vida no es justa, acostúmbrate",El rey león
Nadie puede salvarte excepto tú mismo,El club de la lucha
Todos morimos. Lo que importa es cómo vivimos,Star Trek
Los sueños no funcionan a menos que tú lo hagas,La La Land
"Algún día todo tendrá sentido. Así que, por ahora, ríete de la confusión, sonríe a través de las lágrimas y sigue adelante",La vida es bella
"Lo importante no es si caes, sino cómo te levantas después de la caída",Batman Begins
La mayor mentira que nos contamos a nosotros mismos es 'Mañana lo haré',La llamada
"No quiero sobrevivir, quiero vivir",12 años de esclavitud
A veces las personas más bellas son las que han sido rotas y han sabido reconstruirse,El gran Gatsby
"El pasado puede doler, pero, tal como yo lo veo, puedes o huir de él o aprender",El rey león
Hakuna Matata,El rey león
Todos estamos conectados en el gran ciclo de la vida,El rey león
Has olvidado lo que eres y por lo tanto te has olvidado de mí. Mira dentro de ti Simba,El rey león
Recuerda quién eres. Tú eres mi hijo y el rey legítimo,El rey león
Todo lo que ves existe juntos en un delicado equilibrio,El rey león
"Mamá siempre decía: la vida es como una caja de bombones, nunca sabes lo que te va a tocar",Forrest Gump
"Corre Forrest, Corre!",Forrest Gump
Tonto es el que hace tonterías,Forrest Gump
Haz lo mejor que puedas con lo que Dios te ha dado,Forrest Gump
"La vida es como una pluma, se deja llevar por el viento",Forrest Gump
Mi mamá dice que los zapatos pueden llevarte a lugares especiales,Forrest Gump
"Quien primero golpea, si golpea con bastante fuerza, quizás no tenga que golpear de nuevo",El Señor de los Anillos
"Un Anillo para gobernarlos a todos. Un Anillo para encontrarlos, un Anillo para atraerlos a todos y atarlos en las tinieblas",El Señor de los Anillos
Ni siquiera el más sabio puede prever todas las cosas que están por venir,El Señor de los Anillos
Todo lo que tenemos que decidir es qué hacer con el tiempo que se nos ha dado,El Señor de los Anillos
"Hay cosas que es mejor no haber visto jamás, pero una vez vistas, no se pueden olvidar",El Señor de los Anillos
¡No pasarán!,El Señor de los Anillos
"¡Salva a la animadora, salva el mundo!",Heroes
"Todos esos momentos se perderán en el tiempo, como lágrimas en la lluvia",Blade Runner
Nuestro lema es: más humanos que los humanos,Blade Runner
He visto cosas que vosotros no creeríais,Blade Runner
"Es toda una experiencia vivir con miedo, ¿verdad? Eso es lo que significa ser esclavo",Blade Runner
"El comercio es nuestro objetivo aquí, no la guerra",Blade Runner
"Ser o no ser, esa es la cuestión","Hamlet, príncipe de Dinamarca"
"Hacer o no hacer. No sirve intentar, solo hacer",El Imperio contraataca
"Hace mucho tiempo, en una galaxia muy, muy lejana...",La Guerra de las Galaxias
Que la Fuerza esté contigo,La Guerra de las Galaxias
Yo soy tu padre,El Imperio contraataca
La Fuerza es poderosa en mi familia,El retorno del Jedi
Estos no son los droides que estáis buscando,La Guerra de las Galaxias
"Mantén cerca a tus amigos, pero aún más cerca a tus enemigos",El Padrino II
Los finales felices son historias sin acabar,El Sr. y la Sra. Smith
La vida es un regalo y no pienso desperdiciarla. Nunca se sabe qué cartas repartirá la próxima vez,Titanic
Soy el rey del mundo!,Titanic
"La muerte nos sonríe a todos, devolvámosle la sonrisa",Gladiador
He cruzado océanos de tiempo para encontrarte,Drácula
"A veces el mundo no necesita un héroe; a veces lo que necesita, es un monstruo",Drácula
Los dioses nos envidian porque cada instante nuestro podría ser el último,Troya
"No existen preguntas sin respuesta, solo preguntas mal formuladas",Matrix
"Todos los hombre mueren, pero no todos realmente viven",Corazón Valiente
Le voy a hacer una oferta que no podrá rechazar,El Padrino
¿Me estás hablando a mi?,Taxi Driver
Amar significa no tener que decir nunca lo siento,Historia de amor
"Elemental, querido Watson",Las aventuras de Sherlock Holmes
"Hasta la vista, baby",Terminator II
Vamos a necesitar un barco más grande,Tiburón
Está vivo. Está vivo,Frankenstein
"Houston, tenemos un problema",Apollo 13
Sígueme si quieres vivir,Terminator
No es un hombre...es una máquina,Terminator
El mejor amigo de un chico es su madre,Psicosis
"Por favor, Hal, abre las puertas",2001: Odisea Espacial
"Quién salva una vida, salva al mundo entero",La lista de Schindler
No se puede confiar en alguien que no tiene nada que perder,Infiltrados
Cierra los ojos e imagina que es un mal sueño,Los piratas del caribe
"El pueblo no debería temer al gobierno, el gobierno debería temer al pueblo",V de vendetta
Somos quienes elegimos ser,Spiderman
"Dicen que cuando conoces al amor de tu vida, el tiempo se para",El gran pez
Quiero decirte con mi último aliento que siempre te he amado,El tigre y el dragón
Los sueños se convierten en realidad si los deseamos suficiente,Peter Pan
"Dicen que si sueñas una cosa más de una vez, seguro que se hará realidad",La bella durmiente
¡Solo puede quedar uno!,Los inmortales
¿Alguna vez has bailado con el Diablo a la luz de la Luna?,Batman
¿De verdad tengo pinta de tener un plan? ¿Sabes que soy? Soy un perro que corre detrás de los coches. No sabría qué hacer si alcanzara uno,El Caballero Oscuro
Algunos hombres sólo quieren ver el mundo arder,El Caballero Oscuro
"Anda, alégrame el día",Harry el Sucio
"El miedo lleva a la ira, la ira al odio, y el odio hacia el lado oscuro",El Imperio contraataca
"Espartanos, preparad el desayuno, y alimentaos bien, ¡porque esta noche cenaremos en el infierno!",300
Hay una gran diferencia entre conocer el camino y andar el camino,Matrix
No conoces el poder del lado oscuro,El Imperio contraataca
Siempre se llega a alguna parte si se camina lo bastante,Alicia en el país de las maravillas
"Si conocieras el tiempo tan bien como yo, no hablarías de perderlo",Alicia en el país de las maravillas
"No tiene utilidad volver a ayer, porque entonces era una persona distinta",Alicia en el país de las maravillas
Un hombre sin miedo es un hombre sin esperanzas,Daredevil
Únicamente cuando se pierde todo somos libres para actuar,El club de la pelea
Volveré,Terminator
El futuro no está establecido. No hay destino. Solo existe el que nosotros hacemos,Terminator II
"El tiempo siempre es escaso para quienes lo necesitan, pero para los que aman dura para siempre",Drácula
"Me llamo Bond, James Bond",Agente 007 contra el Dr. No
Siempre nos quedará París,Casablanca
"¿Carretera? A donde vamos, no necesitaremos carreteras",Volver al futuro
¡Salven el reloj de la torre!,Volver al futuro
No me conocen y se atreven a juzgarme. Por eso estoy mejor solo,Shrek
"La vida va demasiado rápido. Si no te paras y miras a tu alrededor de vez en cuando, puedes perdértela",Todo en un día
Los ogros son como las cebollas... las cebollas tienen capas,Shrek
Un enemigo que conoce el futuro no puede perder,Al filo del mañana
¿Qué harías si estuvieses anclado en un lugar y todos los días fueran iguales sin importar lo que hicieras?,El día de la marmota
"¿Y ahora qué hacemos? No lo sé, nunca hemos llegado tan lejos",Al filo del mañana
"Yo sólo puedo mostrarte la puerta, tú eres quien la tiene que atravesar",Matrix
No es un problema grave si no lo conviertes en un problema grave,Del crepúsculo al amanecer
La probabilidad de que una persona tenga razón aumenta en relación directa con la insistencia en convencerla de su error,El cielo puede esperar
Todos nos volvemos locos alguna vez,Psicosis
Lo más importante que puedes aprender es amar y ser amado a cambio,La Bella y la Bestia
"Un héroe puede estar en cualquier parte, incluso puede ser alguien que hace algo tan simple y tranquilizador como poner un abrigo en los hombros de un niño pequeño para hacerle saber que el mundo no se ha terminado",El Caballero Oscuro: La leyenda renace
"La esperanza es algo bueno, quizás lo mejor, y las cosas buenas nunca mueren",Cadena perpetua
"Dicen que Manhattan es la ciudad más grande del mundo. Yo no creo que eso sea cierto. Por mucho que lo intento, no consigo encontrarla por ninguna parte",Desayuno con diamantes
Sólo un loco o un genio ignoraría la evidencia,Contact
"Mi mamá dice que la vida es como una caja de chocolates, nunca sabes lo que te va a tocar",Forrest Gump
"Si hay algo más importante que mi ego en la habitación, yo quiero dispararle",El viento que agita la cebada
"Cualquier día que tengas que usar un chaleco antibalas, es un mal día",Día de entrenamiento
"Te amo, pero no te quiero cerca ahora mismo",Belleza americana
No quiero sobrevivir. Quiero vivir,12 años de esclavitud
"Hay algo realmente hermoso en las luces de la ciudad, es como si estuvieras mirando todas las estrellas de la tierra",La La Land
No deberían existir límites para el esfuerzo humano,La teoría del todo
Nunca te detengas. Nunca te rindas,Buscando a Forrester
"Si te enamoras, enamórate de verdad",Olvídate de mí
Un verdadero líder se preocupa por los demás más que por sí mismo,Thor: Ragnarok
¿Y si hoy fuera el último día de tu vida?,El club de los poetas muertos
"No se trata de cuántas veces te derriban, sino de cuántas veces te levantas",Rocky Balboa
Sigue nadando,Buscando a Nemo
"A veces, los secretos nos mantienen a salvo",El hombre de acero
"La perfección no existe, pero si insistimos, podemos conseguir la excelencia",Black Swan
"Concéntrate en el momento. Siente, no pienses, usa tu instinto",Star Wars: Episodio I - La amenaza fantasma
Hay una diferencia entre conocer el camino y recorrerlo,Matrix
"Si no puedes convencerlos, confúndelos",El gran Gatsby
La esperanza es buena. Tal vez la mejor de las cosas y las cosas buenas nunca mueren,Cadena perpetua
"Lo más importante en la vida siempre será la gente de este salón, aquí y ahora",Fast & Furious 7
No quiero que seas la mejor del mundo. Quiero que seas mejor que ayer,Million Dollar Baby
"Nunca olvides quién eres, el resto del mundo no lo hará. Llévalo como una armadura y nunca podrá ser usado para herirte",Juego de Tronos
El mundo es enorme y está esperando tu llamada,El diablo viste de Prada
"Lo que hacemos en la vida, tiene su eco en la eternidad",Gladiador
El mayor truco que el diablo inventó fue convencer al mundo de que no existía,Sospechosos habituales
"Si no construyes tu sueño, alguien te contratará para que le ayudes a construir el suyo",El lobo de Wall Street
Te sorprendería lo que puedes hacer cuando tienes que hacerlo,127 horas
Ya no queda sitio en el infierno y los muertos caminarán sobre la tierra,Amanecer de los muertos
La vida es bella pero muy complicada. No hay que tomársela demasiado en serio porque ninguno de nosotros saldrá vivo de ella,El club de la lucha
El miedo es el asesino de la mente. El miedo es la pequeña muerte que conduce a la destrucción total,Dune
La imaginación es la única arma en la guerra contra la realidad,Alicia en el país de las maravillas
"Si quieres entender a una persona, no escuches sus palabras, observa su comportamiento",Hannibal
No hay mayor tragedia que cuando un padre entierra a su hijo,Troya
La verdad raramente es pura y nunca es simple,Wilde
Un sueño parece real mientras estamos en él. Solo cuando nos despertamos nos damos cuenta de que algo estaba mal,Origen
"Extraño, ¿no? Las cosas cambian. Se transforman. Y de repente, lo que era antes, ya no es, y lo nuevo, es lo que siempre ha sido",Frida
Todos somos islas gritando mentiras a los demás a través de mares de malentendidos,La playa
"Si el mundo se volviera al revés, muy pocos de nosotros se darían cuenta",Men in Black
El vacío es aterrador para la mayoría. Pero yo creo que el vacío es un lienzo,Black Swan
No somos más que polvo de estrellas,Stardust
El amor siempre encuentra su camino,Love Actually
"No siempre se trata de cómo empieza la historia, sino de cómo termina",Bright
Somos los dueños de nuestro propio terror,El sexto sentido
"La muerte no es el final, sino la liberación",Gladiador
"A veces, las cosas que más deseamos son las que más nos perjudican",Aladdín
Solo un corazón valiente puede obtener lo que desea,La sirenita
"A veces, las personas con las que más deseas conectar son aquellas que te ponen las mayores barreras",Crash
El mayor enemigo de un hombre vive dentro de sí mismo,El caballero oscuro
"Nunca sabemos cuánto tiempo tenemos en este mundo, por eso hay que vivirlo al máximo cada día",Mi vida sin mí
"Lo importante no es lo que un hombre hace, sino lo que es",El tercer hombre
"El dinero no tiene valor, es solo papel. Lo importante es lo que haces por conseguirlo",American Gangster
"Recuerda que no importa dónde estés o lo que estés haciendo, siempre estás en el lugar correcto en el momento adecuado",Avatar
"No somos responsables de lo que somos, pero sí de lo que hacemos con lo que somos",Inteligencia artificial
La venganza nunca es un camino recto. Es como un bosque. Y hay muchos caminos sinuosos para llegar a cualquier lugar,Kill Bill
Es sorprendente lo que puedes conseguir cuando no tienes nada que perder,Slumdog Millionaire
"El pasado ya ha pasado, no puedo cambiarlo. Pero sí puedo cambiar el futuro",X-Men: Días del futuro pasado
No puedes tener un arco iris sin un poco de lluvia,La vida moderna de Rocko
"Los monstruos son reales, y los fantasmas también. Viven dentro de nosotros, y a veces, ellos ganan",1408
No hay película mala que incluya buceo entre tiburones,Tiburón 3D
A veces la gente merece más que la verdad,El caballero oscuro
La humanidad siempre ha temido aquello que no comprende,X-Men
"Todos llevamos máscaras, la vida consiste en elegir cuál",La máscara
"La vida es corta, el arte es largo",Lo que el viento se llevó
"No es lo que está debajo de la máscara de un hombre, sino lo que hace, lo que lo define",Batman Begins
"No puedes cambiar el pasado, pero sí puedes aprender de él",El Rey León
"No importa cuántas veces caes, sino cuántas veces te levantas",Batman Begins
"Nunca crecí, solo aprendí a comportarme en público",Hook
Se necesita un poco de locura para hacer un gran trabajo,Steve Jobs
"La gente debería asustarse de su gobierno, no el gobierno de su gente",V de Vendetta
"Todos quieren vivir en la cima de la montaña, pero toda la felicidad y el crecimiento ocurren mientras la estás escalando",Soul
Recuerda que eres polvo y al polvo volverás,Blade Runner 2049
"La verdad te hará libre, pero primero te hará miserable",La verdad duele
El problema de tener la mente abierta es que a la gente le gusta venir y dejar cosas en ella,Instinto básico
"El conocimiento no es poder, el poder es poder",Juego de Tronos
No puedes vencer al miedo. Solo puedes aprender a vivir con él,Dune
El corazón de un hombre es un mar de secretos,Titanic
"En ocasiones, hasta las preguntas más sencillas pueden no tener respuesta",La vida de Pi
Lo único que nos pertenece es el tiempo,Gladiador
"El amor no es encontrar a alguien con quien vivir, es encontrar a alguien sin el que no puedes vivir","Hitch, especialista en ligues"
Es la incertidumbre lo que nos encanta. Es el no saber lo que hace que la vida valga la pena,Million Dollar Baby
"La ironía es que mientras más tratas de evitar el sufrimiento, más sufres",La playa
El miedo es un camino hacia el lado oscuro,Star Wars: Episodio I - La amenaza fantasma
"La verdad se encuentra en los ojos, no en la boca",Sospechosos habituales
La locura es como la gravedad. Solo necesitas un pequeño empujón,El caballero oscuro
A veces la verdad no es suficiente. A veces la gente se merece más,El caballero oscuro
"No es quien eres por dentro, sino lo que haces lo que te define",Batman Begins
"Es nuestra elección lo que muestra lo que realmente somos, mucho más que nuestras habilidades",Harry Potter y la cámara secreta
El mayor truco que el diablo haya inventado fue convencer al mundo de que no existía,Sospechosos habituales
"Amar es destruir, y ser amado es ser destruido",Cazadores de sombras: Ciudad de hueso
Las heridas que no se ven son las más profundas,El Señor de los Anillos: El retorno del Rey
Nadie puede ser exactamente como yo. Incluso yo tengo problemas a veces,La historia sin fin
"Si no puedes deslumbrarlos con tu brillantez, confúndelos con tu basura",Miss Congeniality
Nada es más real que los sueños que tenemos cuando estamos despiertos,La ciencia del sueño
"Todos los hombres mueren, pero no todos viven de verdad",Corazón valiente
El mayor engaño del diablo fue convencer al mundo de que no existe,Sospechosos habituales
"La verdadera libertad es no poder ser encarcelado, torturado o asesinado por expresar tus opiniones",Equilibrium
"El miedo es el camino hacia el lado oscuro. El miedo lleva a la ira, la ira lleva al odio, el odio lleva al sufrimiento",Star Wars: Episodio I - La amenaza fantasma
"Las mariposas no pueden ver sus alas. No pueden ver lo hermosas que son, pero todos los demás pueden. La gente es igual",El curioso caso de Benjamin Button
Lo que importa son las personas que conoces a lo largo del camino,Arthur Christmas
Todos los sueños pueden hacerse realidad si tienes el coraje de perseguirlos,La princesa y el sapo
"La vida es una lección, y debes aprender hasta el último día",The Last Emperor
"No pretendas que sabes cuándo ni cuánto tiempo tenemos. La vida es preciosa, y debes vivirla",Las sesiones
"No es el tamaño de un hombre, sino el tamaño de su corazón lo que importa",Invictus
No se me ocurre nada más patético que una persona que valora más el privilegio que la integridad,La red social
"A veces, la verdad no es lo suficientemente buena. A veces, las personas merecen más",El caballero oscuro
"La única forma de descubrir los límites de lo posible es ir más allá de ellos, hacia lo imposible",2001: Una odisea en el espacio
"La vida es como montar en bicicleta. Para mantener el equilibrio, debes seguir moviéndote",Thelma & Louise
No se puede razonar con alguien que ha renunciado al uso de la razón,El origen del planeta de los simios
"La belleza está en todas partes, solo hay que mirar",El fabuloso destino de Amélie Poulain
La parte más difícil de esto es fingir que no es la mejor noche de nuestras vidas,La La Land
El odio es equipaje. La vida es demasiado corta para andar siempre enfadado,American History X
Todos estamos buscando ese toque especial de entendimiento,El discurso del rey
"Los mejores momentos de nuestra vida no son los que se recuerdan, son los que se viven",Tierra de sueños
La venganza es un plato que se sirve frío,Kill Bill: Volumen 1
La gente tiene miedo de lo que no entiende,X-Men
"Si quieres cambiar las cosas, primero debes cambiar tú mismo",Gran Torino
"No es lo difícil lo que nos frena, sino el miedo a lo difícil",El indomable Will Hunting
"El verdadero amor nunca desvanece, simplemente se sienta a esperar",Inteligencia Artificial
"La vida es una serie de puertas que se abren y se cierran. Cuando una puerta se cierra, otra se abre",El curioso caso de Benjamin Button
"No existe la suerte. Solo la oportunidad, y lo que hacemos con ella",El indomable Will Hunting
"Al final, no recordamos los días, sino los momentos",El curioso caso de Benjamin Button
"Cuando llegues al final del camino, encuentra la forma de volar",Shawshank Redemption
"La vida no consiste en respuestas, sino en preguntas",Garden State
"Todos tenemos momentos de desesperación. Pero si continuamos, buenas cosas suceden",Little Miss Sunshine
La felicidad solo es real cuando es compartida,Hacia rutas salvajes
"El secreto, querida Alice, es rodearse de personas que te hagan sonreír",Alicia en el país de las maravillas
"Cada hombre tiene su demonio, y no descansarán hasta que lo sigan",Piratas del Caribe: La maldición de la Perla Negra
La gente no quiere escuchar la verdad porque no quieren que destruyan sus ilusiones,La red social
"El mayor enemigo del conocimiento no es la ignorancia, es la ilusión del conocimiento",La teoría del todo
"Sólo porque alguien tropiece y pierda su camino, no significa que esté perdido para siempre",Harry Potter y el prisionero de Azkaban
Un héroe puede ser cualquiera. Incluso un hombre que hace algo tan simple y reconfortante como poner un abrigo sobre los hombros de un niño pequeño para hacerle saber que el mundo no ha terminado,El caballero oscuro: La leyenda renace
Vivir es arriesgarse a morir,Los juegos del hambre
"Hay momentos en los que un hombre tiene que luchar, y hay momentos en los que debe aceptar que ha perdido",El Gran Lebowski
"La vida es un eco; lo que envías, regresa",El lobo de Wall Street
El miedo es la prisión más oscura,Linterna Verde
"Incluso en nuestros momentos más oscuros, hay luz",Infiltrados
"Vivir es sufrir, sobrevivir es encontrarle sentido al sufrimiento",El libro de Eli
"Los ojos pueden engañar, no confíes en ellos",Star Wars: Episodio I - La amenaza fantasma
"No todo el mundo puede llegar a ser un gran artista, pero un gran artista puede provenir de cualquier parte",Ratatouille
"A veces, el corazón ve lo que es invisible a los ojos",El principito
"La vida no es esperar a que pase la tormenta, es aprender a bailar bajo la lluvia",Un paseo para recordar
Que la fuerza te acompañe,Star Wars: Episodio IV - Una nueva esperanza
"Elemental, mi querido Watson",Las aventuras de Sherlock Holmes
"Francamente, querida, me importa un bledo",Lo que el viento se llevó
Voy a hacerle una oferta que no podrá rechazar,El Padrino
"¡Corre, Forrest, corre!",Forrest Gump
"No estoy loco, mi realidad es diferente a la tuya",Alicia en el país de las maravillas
La noche más oscura siempre precede al amanecer,El caballero oscuro
sigueme si quieres vivir," ""Terminator"""
no es un hombre...es una maquina," ""Terminator"""
yo... ¡soy tu padre!," ""El Imperio contraataca"""
"Estoy caminando aquí, ¡estoy caminando!",Cowboy de medianoche
"Carpe diem. Aprovechad el día, chicos.",La sociedad de los poetas muertos
"La vida es como una caja de bombones, nunca sabes lo que te va a tocar.",Forrest Gump
"Corre, Forrest, corre!",Forrest Gump
Voy a hacerle una oferta que no podrá rechazar.,El Padrino
"Francamente, querida, me importa un bledo.",Lo que el viento se llevó
Lo único que nos queda decidir es qué hacer con el tiempo que se nos ha dado.,El Señor de los Anillos: La Comunidad del Anillo
Siempre nos quedará París.,Casablanca
Esto es Esparta!,300
Mi tesoro...,El Señor de los Anillos: Las dos torres
Volveré.,Terminator
Aquí está Johnny!,El resplandor
La verdad es que no puedes manejar la verdad!,Cuestión de honor
Yo soy tu padre.,Star Wars: Episodio V - El Imperio contraataca
Yo veo gente muerta.,El sexto sentido
No hay lugar como el hogar.,El mago de Oz
"E.T., teléfono, mi casa.","E.T., el extraterrestre"
"Tócala de nuevo, Sam.",Casablanca
"Hasta la vista, baby.",Terminator 2: El juicio final
"Houston, tenemos un problema.",Apolo 13
¿Por qué tan serio?,El Caballero Oscuro
"Estoy volando, Jack!",Titanic
"Después de todo, mañana será otro día.",Lo que el viento se llevó
¡Say hello to my little friend!,Scarface
"Mantén a tus amigos cerca, pero a tus enemigos aún más cerca.",El Padrino II
Que la fuerza te acompañe.,Star Wars
¿Me estás hablando a mí?,Taxi Driver
Nadie es perfecto.,Una Eva y dos Adanes
"La risa es intemporal, la imaginación no tiene edad y los sueños son para siempre.",Walt antes de Mickey
"¡A mi señal, ira y fuego!",Gladiador
"La esperanza es algo bueno, quizá lo mejor de todo.",Sueño de fuga
Nadie pone a Baby en una esquina.,Dirty Dancing
La primera regla del Club de la Pelea es: nadie habla del Club de la Pelea.,El club de la pelea
El mundo no se divide entre buenos y mortífagos.,Harry Potter y la Orden del Fénix
No puedes vivir tu vida para complacer a otros. La elección debe ser tuya.,Alicia en el país de las maravillas
La muerte es parte del viaje. Volver al principio es aceptar el final.,Avengers: Endgame
El amor significa no tener que decir nunca lo siento.,Love Story
"A veces, la persona que nadie imagina capaz de nada es la que hace cosas que nadie puede imaginar.",El código enigma
Todo gran mago debe tener un acto de escape.,El truco final
Este es el comienzo de una hermosa amistad.,Casablanca
La única forma de alcanzar lo imposible es creer que es posible.,Alicia a través del espejo
Nunca dejes que nadie te diga que no puedes hacer algo.,En busca de la felicidad
"No es quién soy por dentro, sino lo que hago, lo que me define.",Batman Begins
Me haces querer ser un hombre mejor.,Mejor... imposible
"Cuando el mundo se derrumba, lo mejor que puedes hacer es construir uno nuevo.",Orígenes
La vida encuentra un camino.,Jurassic Park
Nuestro destino vive dentro de nosotros. Solo tienes que ser valiente para verlo.,Valiente
"El pasado puede doler, pero puedes huir de él o aprender de él.",El Rey León
Prefiero vivir una vida contigo que enfrentar todas las edades de este mundo sola.,El Señor de los Anillos: La Comunidad del Anillo
Frase simulada número 1,Película simulada 1
Frase simulada número 2,Película simulada 2
Frase simulada número 3,Película simulada 3
Frase simulada número 4,Película simulada 4
Frase simulada número 5,Película simulada 5
Frase simulada número 6,Película simulada 6
Frase simulada número 7,Película simulada 7
Frase simulada número 8,Película simulada 8
Frase simulada número 9,Película simulada 9
Frase simulada número 10,Película simulada 10
Frase simulada número 11,Película simulada 11
Frase simulada número 12,Película simulada 12
Frase simulada número 13,Película simulada 13
Frase simulada número 14,Película simulada 14
Frase simulada número 15,Película simulada 15
Frase simulada número 16,Película simulada 16
Frase simulada número 17,Película simulada 17
Frase simulada número 18,Película simulada 18
Frase simulada número 19,Película simulada 19
Frase simulada número 20,Película simulada 20
Frase simulada número 21,Película simulada 21
Frase simulada número 22,Película simulada 22
Frase simulada número 23,Película simulada 23
Frase simulada número 24,Película simulada 24
Frase simulada número 25,Película simulada 25
Frase simulada número 26,Película simulada 26
Frase simulada número 27,Película simulada 27
Frase simulada número 28,Película simulada 28
Frase simulada número 29,Película simulada 29
Frase simulada número 30,Película simulada 30
Frase simulada número 31,Película simulada 31
Frase simulada número 32,Película simulada 32
Frase simulada número 33,Película simulada 33
Frase simulada número 34,Película simulada 34
Frase simulada número 35,Película simulada 35
Frase simulada número 36,Película simulada 36
Frase simulada número 37,Película simulada 37
Frase simulada número 38,Película simulada 38
Frase simulada número 39,Película simulada 39
Frase simulada número 40,Película simulada 40
Frase simulada número 41,Película simulada 41
Frase simulada número 42,Película simulada 42
Frase simulada número 43,Película simulada 43
Frase simulada número 44,Película simulada 44
Frase simulada número 45,Película simulada 45
Frase simulada número 46,Película simulada 46
Frase simulada número 47,Película simulada 47
Frase simulada número 48,Película simulada 48
Frase simulada número 49,Película simulada 49
Frase simulada número 50,Película simulada 50
Frase simulada número 51,Película simulada 51
Frase simulada número 52,Película simulada 52
Frase simulada número 53,Película simulada 53
Frase simulada número 54,Película simulada 54
Frase simulada número 55,Película simulada 55
Frase simulada número 56,Película simulada 56
Frase simulada número 57,Película simulada 57
Frase simulada número 58,Película simulada 58
Frase simulada número 59,Película simulada 59
Frase simulada número 60,Película simulada 60
Frase simulada número 61,Película simulada 61
Frase simulada número 62,Película simulada 62
Frase simulada número 63,Película simulada 63
Frase simulada número 64,Película simulada 64
Frase simulada número 65,Película simulada 65
Frase simulada número 66,Película simulada 66
Frase simulada número 67,Película simulada 67
Frase simulada número 68,Película simulada 68
Frase simulada número 69,Película simulada 69
Frase simulada número 70,Película simulada 70
Frase simulada número 71,Película simulada 71
Frase simulada número 72,Película simulada 72
Frase simulada número 73,Película simulada 73
Frase simulada número 74,Película simulada 74
Frase simulada número 75,Película simulada 75
Frase simulada número 76,Película simulada 76
Frase simulada número 77,Película simulada 77
Frase simulada número 78,Película simulada 78
Frase simulada número 79,Película simulada 79
Frase simulada número 80,Película simulada 80
Frase simulada número 81,Película simulada 81
Frase simulada número 82,Película simulada 82
Frase simulada número 83,Película simulada 83
Frase simulada número 84,Película simulada 84
Frase simulada número 85,Película simulada 85
Frase simulada número 86,Película simulada 86
Frase simulada número 87,Película simulada 87
Frase simulada número 88,Película simulada 88
Frase simulada número 89,Película simulada 89
Frase simulada número 90,Película simulada 90
Frase simulada número 91,Película simulada 91
Frase simulada número 92,Película simulada 92
Frase simulada número 93,Película simulada 93
Frase simulada número 94,Película simulada 94
Frase simulada número 95,Película simulada 95
Frase simulada número 96,Película simulada 96
Frase simulada número 97,Película simulada 97
Frase simulada número 98,Película simulada 98
Frase simulada número 99,Película simulada 99
Frase simulada número 100,Película simulada 100
Frase simulada número 101,Película simulada 101
Frase simulada número 102,Película simulada 102
Frase simulada número 103,Película simulada 103
Frase simulada número 104,Película simulada 104
Frase simulada número 105,Película simulada 105
Frase simulada número 106,Película simulada 106
Frase simulada número 107,Película simulada 107
Frase simulada número 108,Película simulada 108
Frase simulada número 109,Película simulada 109
Frase simulada número 110,Película simulada 110
Frase simulada número 111,Película simulada 111
Frase simulada número 112,Película simulada 112
Frase simulada número 113,Película simulada 113
Frase simulada número 114,Película simulada 114
Frase simulada número 115,Película simulada 115
Frase simulada número 116,Película simulada 116
Frase simulada número 117,Película simulada 117
Frase simulada número 118,Película simulada 118
Frase simulada número 119,Película simulada 119
Frase simulada número 120,Película simulada 120
Frase simulada número 121,Película simulada 121
Frase simulada número 122,Película simulada 122
Frase simulada número 123,Película simulada 123
Frase simulada número 124,Película simulada 124
Frase simulada número 125,Película simulada 125
Frase simulada número 126,Película simulada 126
Frase simulada número 127,Película simulada 127
Frase simulada número 128,Película simulada 128
Frase simulada número 129,Película simulada 129
Frase simulada número 130,Película simulada 130
Frase simulada número 131,Película simulada 131
Frase simulada número 132,Película simulada 132
Frase simulada número 133,Película simulada 133
Frase simulada número 134,Película simulada 134
Frase simulada número 135,Película simulada 135
Frase simulada número 136,Película simulada 136
Frase simulada número 137,Película simulada 137
Frase simulada número 138,Película simulada 138
Frase simulada número 139,Película simulada 139
Frase simulada número 140,Película simulada 140
Frase simulada número 141,Película simulada 141
Frase simulada número 142,Película simulada 142
Frase simulada número 143,Película simulada 143
Frase simulada número 144,Película simulada 144
Frase simulada número 145,Película simulada 145
Frase simulada número 146,Película simulada 146
Frase simulada número 147,Película simulada 147
Frase simulada número 148,Película simulada 148
Frase simulada número 149,Película simulada 149
Frase simulada número 150,Película simulada 150
Frase simulada número 151,Película simulada 151
Frase simulada número 152,Película simulada 152
Frase simulada número 153,Película simulada 153
Frase simulada número 154,Película simulada 154
Frase simulada número 155,Película simulada 155
Frase simulada número 156,Película simulada 156
Frase simulada número 157,Película simulada 157
Frase simulada número 158,Película simulada 158
Frase simulada número 159,Película simulada 159
Frase simulada número 160,Película simulada 160
Frase simulada número 161,Película simulada 161
Frase simulada número 162,Película simulada 162
Frase simulada número 163,Película simulada 163
Frase simulada número 164,Película simulada 164
Frase simulada número 165,Película simulada 165
Frase simulada número 166,Película simulada 166
Frase simulada número 167,Película simulada 167
Frase simulada número 168,Película simulada 168
Frase simulada número 169,Película simulada 169
Frase simulada número 170,Película simulada 170
Frase simulada número 171,Película simulada 171
Frase simulada número 172,Película simulada 172
Frase simulada número 173,Película simulada 173
Frase simulada número 174,Película simulada 174
Frase simulada número 175,Película simulada 175
Frase simulada número 176,Película simulada 176
Frase simulada número 177,Película simulada 177
Frase simulada número 178,Película simulada 178
Frase simulada número 179,Película simulada 179
Frase simulada número 180,Película simulada 180
Frase simulada número 181,Película simulada 181
Frase simulada número 182,Película simulada 182
Frase simulada número 183,Película simulada 183
Frase simulada número 184,Película simulada 184
Frase simulada número 185,Película simulada 185
Frase simulada número 186,Película simulada 186
Frase simulada número 187,Película simulada 187
Frase simulada número 188,Película simulada 188
Frase simulada número 189,Película simulada 189
Frase simulada número 190,Película simulada 190
Frase simulada número 191,Película simulada 191
Frase simulada número 192,Película simulada 192
Frase simulada número 193,Película simulada 193
Frase simulada número 194,Película simulada 194
Frase simulada número 195,Película simulada 195
Frase simulada número 196,Película simulada 196
Frase simulada número 197,Película simulada 197
Frase simulada número 198,Película simulada 198
Frase simulada número 199,Película simulada 199
Frase simulada número 200,Película simulada 200
Frase simulada número 201,Película simulada 201
Frase simulada número 202,Película simulada 202
Frase simulada número 203,Película simulada 203
Frase simulada número 204,Película simulada 204
Frase simulada número 205,Película simulada 205
Frase simulada número 206,Película simulada 206
Frase simulada número 207,Película simulada 207
Frase simulada número 208,Película simulada 208
Frase simulada número 209,Película simulada 209
Frase simulada número 210,Película simulada 210
Frase simulada número 211,Película simulada 211
Frase simulada número 212,Película simulada 212
Frase simulada número 213,Película simulada 213
Frase simulada número 214,Película simulada 214
Frase simulada número 215,Película simulada 215
Frase simulada número 216,Película simulada 216
Frase simulada número 217,Película simulada 217
Frase simulada número 218,Película simulada 218
Frase simulada número 219,Película simulada 219
Frase simulada número 220,Película simulada 220
Frase simulada número 221,Película simulada 221
Frase simulada número 222,Película simulada 222
Frase simulada número 223,Película simulada 223
Frase simulada número 224,Película simulada 224
Frase simulada número 225,Película simulada 225
Frase simulada número 226,Película simulada 226
Frase simulada número 227,Película simulada 227
Frase simulada número 228,Película simulada 228
Frase simulada número 229,Película simulada 229
Frase simulada número 230,Película simulada 230
Frase simulada número 231,Película simulada 231
Frase simulada número 232,Película simulada 232
Frase simulada número 233,Película simulada 233
Frase simulada número 234,Película simulada 234
Frase simulada número 235,Película simulada 235
Frase simulada número 236,Película simulada 236
Frase simulada número 237,Película simulada 237
Frase simulada número 238,Película simulada 238
Frase simulada número 239,Película simulada 239
Frase simulada número 240,Película simulada 240
Frase simulada número 241,Película simulada 241
Frase simulada número 242,Película simulada 242
Frase simulada número 243,Película simulada 243
Frase simulada número 244,Película simulada 244
Frase simulada número 245,Película simulada 245
Frase simulada número 246,Película simulada 246
Frase simulada número 247,Película simulada 247
Frase simulada número 248,Película simulada 248
Frase simulada número 249,Película simulada 249
Frase simulada número 250,Película simulada 250
Frase simulada número 251,Película simulada 251
Frase simulada número 252,Película simulada 252
Frase simulada número 253,Película simulada 253
Frase simulada número 254,Película simulada 254
Frase simulada número 255,Película simulada 255
Frase simulada número 256,Película simulada 256
Frase simulada número 257,Película simulada 257
Frase simulada número 258,Película simulada 258
Frase simulada número 259,Película simulada 259
Frase simulada número 260,Película simulada 260
Frase simulada número 261,Película simulada 261
Frase simulada número 262,Película simulada 262
Frase simulada número 263,Película simulada 263
Frase simulada número 264,Película simulada 264
Frase simulada número 265,Película simulada 265
Frase simulada número 266,Película simulada 266
Frase simulada número 267,Película simulada 267
Frase simulada número 268,Película simulada 268
Frase simulada número 269,Película simulada 269
Frase simulada número 270,Película simulada 270
Frase simulada número 271,Película simulada 271
Frase simulada número 272,Película simulada 272
Frase simulada número 273,Película simulada 273
Frase simulada número 274,Película simulada 274
Frase simulada número 275,Película simulada 275
Frase simulada número 276,Película simulada 276
Frase simulada número 277,Película simulada 277
Frase simulada número 278,Película simulada 278
Frase simulada número 279,Película simulada 279
Frase simulada número 280,Película simulada 280
Frase simulada número 281,Película simulada 281
Frase simulada número 282,Película simulada 282
Frase simulada número 283,Película simulada 283
Frase simulada número 284,Película simulada 284
Frase simulada número 285,Película simulada 285
Frase simulada número 286,Película simulada 286
Frase simulada número 287,Película simulada 287
Frase simulada número 288,Película simulada 288
Frase simulada número 289,Película simulada 289
Frase simulada número 290,Película simulada 290
Frase simulada número 291,Película simulada 291
Frase simulada número 292,Película simulada 292
Frase simulada número 293,Película simulada 293
Frase simulada número 294,Película simulada 294
Frase simulada número 295,Película simulada 295
Frase simulada número 296,Película simulada 296
Frase simulada número 297,Película simulada 297
Frase simulada número 298,Película simulada 298
Frase simulada número 299,Película simulada 299
Frase simulada número 300,Película simulada 300
Frase simulada número 301,Película simulada 301
Frase simulada número 302,Película simulada 302
Frase simulada número 303,Película simulada 303
Frase simulada número 304,Película simulada 304
Frase simulada número 305,Película simulada 305
Frase simulada número 306,Película simulada 306
Frase simulada número 307,Película simulada 307
Frase simulada número 308,Película simulada 308
Frase simulada número 309,Película simulada 309
Frase simulada número 310,Película simulada 310
Frase simulada número 311,Película simulada 311
Frase simulada número 312,Película simulada 312
Frase simulada número 313,Película simulada 313
Frase simulada número 314,Película simulada 314
Frase simulada número 315,Película simulada 315
Frase simulada número 316,Película simulada 316
Frase simulada número 317,Película simulada 317
Frase simulada número 318,Película simulada 318
Frase simulada número 319,Película simulada 319
Frase simulada número 320,Película simulada 320
Frase simulada número 321,Película simulada 321
Frase simulada número 322,Película simulada 322
Frase simulada número 323,Película simulada 323
Frase simulada número 324,Película simulada 324
Frase simulada número 325,Película simulada 325
Frase simulada número 326,Película simulada 326
Frase simulada número 327,Película simulada 327
Frase simulada número 328,Película simulada 328
Frase simulada número 329,Película simulada 329
Frase simulada número 330,Película simulada 330
Frase simulada número 331,Película simulada 331
Frase simulada número 332,Película simulada 332
Frase simulada número 333,Película simulada 333
Frase simulada número 334,Película simulada 334
Frase simulada número 335,Película simulada 335
Frase simulada número 336,Película simulada 336
Frase simulada número 337,Película simulada 337
Frase simulada número 338,Película simulada 338
Frase simulada número 339,Película simulada 339
Frase simulada número 340,Película simulada 340
Frase simulada número 341,Película simulada 341
Frase simulada número 342,Película simulada 342
Frase simulada número 343,Película simulada 343
Frase simulada número 344,Película simulada 344
Frase simulada número 345,Película simulada 345
Frase simulada número 346,Película simulada 346
Frase simulada número 347,Película simulada 347
Frase simulada número 348,Película simulada 348
Frase simulada número 349,Película simulada 349
Frase simulada número 350,Película simulada 350
Frase simulada número 351,Película simulada 351
Frase simulada número 352,Película simulada 352
Frase simulada número 353,Película simulada 353
Frase simulada número 354,Película simulada 354
Frase simulada número 355,Película simulada 355
Frase simulada número 356,Película simulada 356
Frase simulada número 357,Película simulada 357
Frase simulada número 358,Película simulada 358
Frase simulada número 359,Película simulada 359
Frase simulada número 360,Película simulada 360
Frase simulada número 361,Película simulada 361
Frase simulada número 362,Película simulada 362
Frase simulada número 363,Película simulada 363
Frase simulada número 364,Película simulada 364
Frase simulada número 365,Película simulada 365
Frase simulada número 366,Película simulada 366
Frase simulada número 367,Película simulada 367
Frase simulada número 368,Película simulada 368
Frase simulada número 369,Película simulada 369
Frase simulada número 370,Película simulada 370
Frase simulada número 371,Película simulada 371
Frase simulada número 372,Película simulada 372
Frase simulada número 373,Película simulada 373
Frase simulada número 374,Película simulada 374
Frase simulada número 375,Película simulada 375
Frase simulada número 376,Película simulada 376
Frase simulada número 377,Película simulada 377
Frase simulada número 378,Película simulada 378
Frase simulada número 379,Película simulada 379
Frase simulada número 380,Película simulada 380
Frase simulada número 381,Película simulada 381
Frase simulada número 382,Película simulada 382
Frase simulada número 383,Película simulada 383
Frase simulada número 384,Película simulada 384
Frase simulada número 385,Película simulada 385
Frase simulada número 386,Película simulada 386
Frase simulada número 387,Película simulada 387
Frase simulada número 388,Película simulada 388
Frase simulada número 389,Película simulada 389
Frase simulada número 390,Película simulada 390
Frase simulada número 391,Película simulada 391
Frase simulada número 392,Película simulada 392
Frase simulada número 393,Película simulada 393
Frase simulada número 394,Película simulada 394
Frase simulada número 395,Película simulada 395
Frase simulada número 396,Película simulada 396
Frase simulada número 397,Película simulada 397
Frase simulada número 398,Película simulada 398
Frase simulada número 399,Película simulada 399
Frase simulada número 400,Película simulada 400
Frase simulada número 401,Película simulada 401
Frase simulada número 402,Película simulada 402
Frase simulada número 403,Película simulada 403
Frase simulada número 404,Película simulada 404
Frase simulada número 405,Película simulada 405
Frase simulada número 406,Película simulada 406
Frase simulada número 407,Película simulada 407
Frase simulada número 408,Película simulada 408
Frase simulada número 409,Película simulada 409
Frase simulada número 410,Película simulada 410
Frase simulada número 411,Película simulada 411
Frase simulada número 412,Película simulada 412
Frase simulada número 413,Película simulada 413
Frase simulada número 414,Película simulada 414
Frase simulada número 415,Película simulada 415
Frase simulada número 416,Película simulada 416
Frase simulada número 417,Película simulada 417
Frase simulada número 418,Película simulada 418
Frase simulada número 419,Película simulada 419
Frase simulada número 420,Película simulada 420
Frase simulada número 421,Película simulada 421
Frase simulada número 422,Película simulada 422
Frase simulada número 423,Película simulada 423
Frase simulada número 424,Película simulada 424
Frase simulada número 425,Película simulada 425
Frase simulada número 426,Película simulada 426
Frase simulada número 427,Película simulada 427
Frase simulada número 428,Película simulada 428
Frase simulada número 429,Película simulada 429
Frase simulada número 430,Película simulada 430
Frase simulada número 431,Película simulada 431
Frase simulada número 432,Película simulada 432
Frase simulada número 433,Película simulada 433
Frase simulada número 434,Película simulada 434
Frase simulada número 435,Película simulada 435
Frase simulada número 436,Película simulada 436
Frase simulada número 437,Película simulada 437
Frase simulada número 438,Película simulada 438
Frase simulada número 439,Película simulada 439
Frase simulada número 440,Película simulada 440
Frase simulada número 441,Película simulada 441
Frase simulada número 442,Película simulada 442
Frase simulada número 443,Película simulada 443
Frase simulada número 444,Película simulada 444
Frase simulada número 445,Película simulada 445
Frase simulada número 446,Película simulada 446
Frase simulada número 447,Película simulada 447
Frase simulada número 448,Película simulada 448
Frase simulada número 449,Película simulada 449
Frase simulada número 450,Película simulada 450
Frase simulada número 451,Película simulada 451
Frase simulada número 452,Película simulada 452
Frase simulada número 453,Película simulada 453
Frase simulada número 454,Película simulada 454
Frase simulada número 455,Película simulada 455
Frase simulada número 456,Película simulada 456
Frase simulada número 457,Película simulada 457
Frase simulada número 458,Película simulada 458
Frase simulada número 459,Película simulada 459
Frase simulada número 460,Película simulada 460
Frase simulada número 461,Película simulada 461
Frase simulada número 462,Película simulada 462
Frase simulada número 463,Película simulada 463
Frase simulada número 464,Película simulada 464
Frase simulada número 465,Película simulada 465
Frase simulada número 466,Película simulada 466
Frase simulada número 467,Película simulada 467
Frase simulada número 468,Película simulada 468
Frase simulada número 469,Película simulada 469
Frase simulada número 470,Película simulada 470
Frase simulada número 471,Película simulada 471
Frase simulada número 472,Película simulada 472
Frase simulada número 473,Película simulada 473
Frase simulada número 474,Película simulada 474
Frase simulada número 475,Película simulada 475
Frase simulada número 476,Película simulada 476
Frase simulada número 477,Película simulada 477
Frase simulada número 478,Película simulada 478
Frase simulada número 479,Película simulada 479
Frase simulada número 480,Película simulada 480
Frase simulada número 481,Película simulada 481
Frase simulada número 482,Película simulada 482
Frase simulada número 483,Película simulada 483
Frase simulada número 484,Película simulada 484
Frase simulada número 485,Película simulada 485
Frase simulada número 486,Película simulada 486
Frase simulada número 487,Película simulada 487
Frase simulada número 488,Película simulada 488
Frase simulada número 489,Película simulada 489
Frase simulada número 490,Película simulada 490
Frase simulada número 491,Película simulada 491
Frase simulada número 492,Película simulada 492
Frase simulada número 493,Película simulada 493
Frase simulada número 494,Película simulada 494
Frase simulada número 495,Película simulada 495
Frase simulada número 496,Película simulada 496
Frase simulada número 497,Película simulada 497
Frase simulada número 498,Película simulada 498
Frase simulada número 499,Película simulada 499
Frase simulada número 500,Película simulada 500
Frase simulada número 501,Película simulada 501
Frase simulada número 502,Película simulada 502
Frase simulada número 503,Película simulada 503
Frase simulada número 504,Película simulada 504
Frase simulada número 505,Película simulada 505
Frase simulada número 506,Película simulada 506
Frase simulada número 507,Película simulada 507
Frase simulada número 508,Película simulada 508
Frase simulada número 509,Película simulada 509
Frase simulada número 510,Película simulada 510
Frase simulada número 511,Película simulada 511
Frase simulada número 512,Película simulada 512
Frase simulada número 513,Película simulada 513
Frase simulada número 514,Película simulada 514
Frase simulada número 515,Película simulada 515
Frase simulada número 516,Película simulada 516
Frase simulada número 517,Película simulada 517
Frase simulada número 518,Película simulada 518
Frase simulada número 519,Película simulada 519
Frase simulada número 520,Película simulada 520
Frase simulada número 521,Película simulada 521
Frase simulada número 522,Película simulada 522
Frase simulada número 523,Película simulada 523
Frase simulada número 524,Película simulada 524
Frase simulada número 525,Película simulada 525
Frase simulada número 526,Película simulada 526
Frase simulada número 527,Película simulada 527
Frase simulada número 528,Película simulada 528
Frase simulada número 529,Película simulada 529
Frase simulada número 530,Película simulada 530
Frase simulada número 531,Película simulada 531
Frase simulada número 532,Película simulada 532
Frase simulada número 533,Película simulada 533
Frase simulada número 534,Película simulada 534
Frase simulada número 535,Película simulada 535
Frase simulada número 536,Película simulada 536
Frase simulada número 537,Película simulada 537
Frase simulada número 538,Película simulada 538
Frase simulada número 539,Película simulada 539
Frase simulada número 540,Película simulada 540
Frase simulada número 541,Película simulada 541
Frase simulada número 542,Película simulada 542
Frase simulada número 543,Película simulada 543
Frase simulada número 544,Película simulada 544
Frase simulada número 545,Película simulada 545
Frase simulada número 546,Película simulada 546
Frase simulada número 547,Película simulada 547
Frase simulada número 548,Película simulada 548
Frase simulada número 549,Película simulada 549
Frase simulada número 550,Película simulada 550
Frase simulada número 551,Película simulada 551
Frase simulada número 552,Película simulada 552
Frase simulada número 553,Película simulada 553
Frase simulada número 554,Película simulada 554
Frase simulada número 555,Película simulada 555
Frase simulada número 556,Película simulada 556
Frase simulada número 557,Película simulada 557
Frase simulada número 558,Película simulada 558
Frase simulada número 559,Película simulada 559
Frase simulada número 560,Película simulada 560
Frase simulada número 561,Película simulada 561
Frase simulada número 562,Película simulada 562
Frase simulada número 563,Película simulada 563
Frase simulada número 564,Película simulada 564
Frase simulada número 565,Película simulada 565
Frase simulada número 566,Película simulada 566
Frase simulada número 567,Película simulada 567
Frase simulada número 568,Película simulada 568
Frase simulada número 569,Película simulada 569
Frase simulada número 570,Película simulada 570
Frase simulada número 571,Película simulada 571
Frase simulada número 572,Película simulada 572
Frase simulada número 573,Película simulada 573
Frase simulada número 574,Película simulada 574
Frase simulada número 575,Película simulada 575
Frase simulada número 576,Película simulada 576
Frase simulada número 577,Película simulada 577
Frase simulada número 578,Película simulada 578
Frase simulada número 579,Película simulada 579
Frase simulada número 580,Película simulada 580
Frase simulada número 581,Película simulada 581
Frase simulada número 582,Película simulada 582
Frase simulada número 583,Película simulada 583
Frase simulada número 584,Película simulada 584
Frase simulada número 585,Película simulada 585
Frase simulada número 586,Película simulada 586
Frase simulada número 587,Película simulada 587
Frase simulada número 588,Película simulada 588
Frase simulada número 589,Película simulada 589
Frase simulada número 590,Película simulada 590
Frase simulada número 591,Película simulada 591
Frase simulada número 592,Película simulada 592
Frase simulada número 593,Película simulada 593
Frase simulada número 594,Película simulada 594
Frase simulada número 595,Película simulada 595
Frase simulada número 596,Película simulada 596
Frase simulada número 597,Película simulada 597
Frase simulada número 598,Película simulada 598
Frase simulada número 599,Película simulada 599
Frase simulada número 600,Película simulada 600
Frase simulada número 601,Película simulada 601
Frase simulada número 602,Película simulada 602
Frase simulada número 603,Película simulada 603
Frase simulada número 604,Película simulada 604
Frase simulada número 605,Película simulada 605
Frase simulada número 606,Película simulada 606
Frase simulada número 607,Película simulada 607
Frase simulada número 608,Película simulada 608
Frase simulada número 609,Película simulada 609
Frase simulada número 610,Película simulada 610
Frase simulada número 611,Película simulada 611
Frase simulada número 612,Película simulada 612
Frase simulada número 613,Película simulada 613
Frase simulada número 614,Película simulada 614
Frase simulada número 615,Película simulada 615
Frase simulada número 616,Película simulada 616
Frase simulada número 617,Película simulada 617
Frase simulada número 618,Película simulada 618
Frase simulada número 619,Película simulada 619
Frase simulada número 620,Película simulada 620
Frase simulada número 621,Película simulada 621
Frase simulada número 622,Película simulada 622
Frase simulada número 623,Película simulada 623
Frase simulada número 624,Película simulada 624
Frase simulada número 625,Película simulada 625
Frase simulada número 626,Película simulada 626
Frase simulada número 627,Película simulada 627
Frase simulada número 628,Película simulada 628
Frase simulada número 629,Película simulada 629
Frase simulada número 630,Película simulada 630
Frase simulada número 631,Película simulada 631
Frase simulada número 632,Película simulada 632
Frase simulada número 633,Película simulada 633
Frase simulada número 634,Película simulada 634
Frase simulada número 635,Película simulada 635
Frase simulada número 636,Película simulada 636
Frase simulada número 637,Película simulada 637
Frase simulada número 638,Película simulada 638
Frase simulada número 639,Película simulada 639
Frase simulada número 640,Película simulada 640
Frase simulada número 641,Película simulada 641
Frase simulada número 642,Película simulada 642
Frase simulada número 643,Película simulada 643
Frase simulada número 644,Película simulada 644
Frase simulada número 645,Película simulada 645
Frase simulada número 646,Película simulada 646
Frase simulada número 647,Película simulada 647
Frase simulada número 648,Película simulada 648
Frase simulada número 649,Película simulada 649
Frase simulada número 650,Película simulada 650
Frase simulada número 651,Película simulada 651
Frase simulada número 652,Película simulada 652
Frase simulada número 653,Película simulada 653
Frase simulada número 654,Película simulada 654
Frase simulada número 655,Película simulada 655
Frase simulada número 656,Película simulada 656
Frase simulada número 657,Película simulada 657
Frase simulada número 658,Película simulada 658
Frase simulada número 659,Película simulada 659
Frase simulada número 660,Película simulada 660
Frase simulada número 661,Película simulada 661
Frase simulada número 662,Película simulada 662
Frase simulada número 663,Película simulada 663
Frase simulada número 664,Película simulada 664
Frase simulada número 665,Película simulada 665
Frase simulada número 666,Película simulada 666
Frase simulada número 667,Película simulada 667
Frase simulada número 668,Película simulada 668
Frase simulada número 669,Película simulada 669
Frase simulada número 670,Película simulada 670
Frase simulada número 671,Película simulada 671
Frase simulada número 672,Película simulada 672
Frase simulada número 673,Película simulada 673
Frase simulada número 674,Película simulada 674
Frase simulada número 675,Película simulada 675
Frase simulada número 676,Película simulada 676
Frase simulada número 677,Película simulada 677
Frase simulada número 678,Película simulada 678
Frase simulada número 679,Película simulada 679
Frase simulada número 680,Película simulada 680
Frase simulada número 681,Película simulada 681
Frase simulada número 682,Película simulada 682
Frase simulada número 683,Película simulada 683
Frase simulada número 684,Película simulada 684
Frase simulada número 685,Película simulada 685
Frase simulada número 686,Película simulada 686
Frase simulada número 687,Película simulada 687
Frase simulada número 688,Película simulada 688
Frase simulada número 689,Película simulada 689
Frase simulada número 690,Película simulada 690
Frase simulada número 691,Película simulada 691
Frase simulada número 692,Película simulada 692
Frase simulada número 693,Película simulada 693
Frase simulada número 694,Película simulada 694
Frase simulada número 695,Película simulada 695
Frase simulada número 696,Película simulada 696
Frase simulada número 697,Película simulada 697
Frase simulada número 698,Película simulada 698
Frase simulada número 699,Película simulada 699
Frase simulada número 700,Película simulada 700
Frase simulada número 701,Película simulada 701
Frase simulada número 702,Película simulada 702
Frase simulada número 703,Película simulada 703
Frase simulada número 704,Película simulada 704
Frase simulada número 705,Película simulada 705
Frase simulada número 706,Película simulada 706
Frase simulada número 707,Película simulada 707
Frase simulada número 708,Película simulada 708
Frase simulada número 709,Película simulada 709
Frase simulada número 710,Película simulada 710
Frase simulada número 711,Película simulada 711
Frase simulada número 712,Película simulada 712
Frase simulada número 713,Película simulada 713
Frase simulada número 714,Película simulada 714
Frase simulada número 715,Película simulada 715
Frase simulada número 716,Película simulada 716
Frase simulada número 717,Película simulada 717
Frase simulada número 718,Película simulada 718
Frase simulada número 719,Película simulada 719
Frase simulada número 720,Película simulada 720
Frase simulada número 721,Película simulada 721
Frase simulada número 722,Película simulada 722
Frase simulada número 723,Película simulada 723
Frase simulada número 724,Película simulada 724
Frase simulada número 725,Película simulada 725
Frase simulada número 726,Película simulada 726
Frase simulada número 727,Película simulada 727
Frase simulada número 728,Película simulada 728
Frase simulada número 729,Película simulada 729
Frase simulada número 730,Película simulada 730
Frase simulada número 731,Película simulada 731
Frase simulada número 732,Película simulada 732
Frase simulada número 733,Película simulada 733
Frase simulada número 734,Película simulada 734
Frase simulada número 735,Película simulada 735
Frase simulada número 736,Película simulada 736
Frase simulada número 737,Película simulada 737
Frase simulada número 738,Película simulada 738
Frase simulada número 739,Película simulada 739
Frase simulada número 740,Película simulada 740
Frase simulada número 741,Película simulada 741
Frase simulada número 742,Película simulada 742
Frase simulada número 743,Película simulada 743
Frase simulada número 744,Película simulada 744
Frase simulada número 745,Película simulada 745
Frase simulada número 746,Película simulada 746
Frase simulada número 747,Película simulada 747
Frase simulada número 748,Película simulada 748
Frase simulada número 749,Película simulada 749
Frase simulada número 750,Película simulada 750
Frase simulada número 751,Película simulada 751
Frase simulada número 752,Película simulada 752
Frase simulada número 753,Película simulada 753
Frase simulada número 754,Película simulada 754
Frase simulada número 755,Película simulada 755
Frase simulada número 756,Película simulada 756
Frase simulada número 757,Película simulada 757
Frase simulada número 758,Película simulada 758
Frase simulada número 759,Película simulada 759
Frase simulada número 760,Película simulada 760
Frase simulada número 761,Película simulada 761
Frase simulada número 762,Película simulada 762
Frase simulada número 763,Película simulada 763
Frase simulada número 764,Película simulada 764
Frase simulada número 765,Película simulada 765
Frase simulada número 766,Película simulada 766
Frase simulada número 767,Película simulada 767
Frase simulada número 768,Película simulada 768
Frase simulada número 769,Película simulada 769
Frase simulada número 770,Película simulada 770
Frase simulada número 771,Película simulada 771
Frase simulada número 772,Película simulada 772
Frase simulada número 773,Película simulada 773
Frase simulada número 774,Película simulada 774
Frase simulada número 775,Película simulada 775
Frase simulada número 776,Película simulada 776
Frase simulada número 777,Película simulada 777
Frase simulada número 778,Película simulada 778
Frase simulada número 779,Película simulada 779
Frase simulada número 780,Película simulada 780
Frase simulada número 781,Película simulada 781
Frase simulada número 782,Película simulada 782
Frase simulada número 783,Película simulada 783
Frase simulada número 784,Película simulada 784
Frase simulada número 785,Película simulada 785
Frase simulada número 786,Película simulada 786
Frase simulada número 787,Película simulada 787
Frase simulada número 788,Película simulada 788
Frase simulada número 789,Película simulada 789
Frase simulada número 790,Película simulada 790
Frase simulada número 791,Película simulada 791
Frase simulada número 792,Película simulada 792
Frase simulada número 793,Película simulada 793
Frase simulada número 794,Película simulada 794
Frase simulada número 795,Película simulada 795
Frase simulada número 796,Película simulada 796
Frase simulada número 797,Película simulada 797
Frase simulada número 798,Película simulada 798
Frase simulada número 799,Película simulada 799
Frase simulada número 800,Película simulada 800
Frase simulada número 801,Película simulada 801
Frase simulada número 802,Película simulada 802
Frase simulada número 803,Película simulada 803
Frase simulada número 804,Película simulada 804
Frase simulada número 805,Película simulada 805
Frase simulada número 806,Película simulada 806
Frase simulada número 807,Película simulada 807
Frase simulada número 808,Película simulada 808
Frase simulada número 809,Película simulada 809
Frase simulada número 810,Película simulada 810
Frase simulada número 811,Película simulada 811
Frase simulada número 812,Película simulada 812
Frase simulada número 813,Película simulada 813
Frase simulada número 814,Película simulada 814
Frase simulada número 815,Película simulada 815
Frase simulada número 816,Película simulada 816
Frase simulada número 817,Película simulada 817
Frase simulada número 818,Película simulada 818
Frase simulada número 819,Película simulada 819
Frase simulada número 820,Película simulada 820
Frase simulada número 821,Película simulada 821
Frase simulada número 822,Película simulada 822
Frase simulada número 823,Película simulada 823
Frase simulada número 824,Película simulada 824
Frase simulada número 825,Película simulada 825
Frase simulada número 826,Película simulada 826
Frase simulada número 827,Película simulada 827
Frase simulada número 828,Película simulada 828
Frase simulada número 829,Película simulada 829
Frase simulada número 830,Película simulada 830
Frase simulada número 831,Película simulada 831
Frase simulada número 832,Película simulada 832
Frase simulada número 833,Película simulada 833
Frase simulada número 834,Película simulada 834
Frase simulada número 835,Película simulada 835
Frase simulada número 836,Película simulada 836
Frase simulada número 837,Película simulada 837
Frase simulada número 838,Película simulada 838
Frase simulada número 839,Película simulada 839
Frase simulada número 840,Película simulada 840
Frase simulada número 841,Película simulada 841
Frase simulada número 842,Película simulada 842
Frase simulada número 843,Película simulada 843
Frase simulada número 844,Película simulada 844
Frase simulada número 845,Película simulada 845
Frase simulada número 846,Película simulada 846
Frase simulada número 847,Película simulada 847
Frase simulada número 848,Película simulada 848
Frase simulada número 849,Película simulada 849
Frase simulada número 850,Película simulada 850
Frase simulada número 851,Película simulada 851
Frase simulada número 852,Película simulada 852
Frase simulada número 853,Película simulada 853
Frase simulada número 854,Película simulada 854
Frase simulada número 855,Película simulada 855
Frase simulada número 856,Película simulada 856
Frase simulada número 857,Película simulada 857
Frase simulada número 858,Película simulada 858
Frase simulada número 859,Película simulada 859
Frase simulada número 860,Película simulada 860
Frase simulada número 861,Película simulada 861
Frase simulada número 862,Película simulada 862
Frase simulada número 863,Película simulada 863
Frase simulada número 864,Película simulada 864
Frase simulada número 865,Película simulada 865
Frase simulada número 866,Película simulada 866
Frase simulada número 867,Película simulada 867
Frase simulada número 868,Película simulada 868
Frase simulada número 869,Película simulada 869
Frase simulada número 870,Película simulada 870
Frase simulada número 871,Película simulada 871
Frase simulada número 872,Película simulada 872
Frase simulada número 873,Película simulada 873
Frase simulada número 874,Película simulada 874
Frase simulada número 875,Película simulada 875
Frase simulada número 876,Película simulada 876
Frase simulada número 877,Película simulada 877
Frase simulada número 878,Película simulada 878
Frase simulada número 879,Película simulada 879
Frase simulada número 880,Película simulada 880
Frase simulada número 881,Película simulada 881
Frase simulada número 882,Película simulada 882
Frase simulada número 883,Película simulada 883
Frase simulada número 884,Película simulada 884
Frase simulada número 885,Película simulada 885
Frase simulada número 886,Película simulada 886
Frase simulada número 887,Película simulada 887
Frase simulada número 888,Película simulada 888
Frase simulada número 889,Película simulada 889
Frase simulada número 890,Película simulada 890
Frase simulada número 891,Película simulada 891
Frase simulada número 892,Película simulada 892
Frase simulada número 893,Película simulada 893
Frase simulada número 894,Película simulada 894
Frase simulada número 895,Película simulada 895
Frase simulada número 896,Película simulada 896
Frase simulada número 897,Película simulada 897
Frase simulada número 898,Película simulada 898
Frase simulada número 899,Película simulada 899
Frase simulada número 900,Película simulada 900
Frase simulada número 901,Película simulada 901
Frase simulada número 902,Película simulada 902
Frase simulada número 903,Película simulada 903
Frase simulada número 904,Película simulada 904
Frase simulada número 905,Película simulada 905
Frase simulada número 906,Película simulada 906
Frase simulada número 907,Película simulada 907
Frase simulada número 908,Película simulada 908
Frase simulada número 909,Película simulada 909
Frase simulada número 910,Película simulada 910
Frase simulada número 911,Película simulada 911
Frase simulada número 912,Película simulada 912
Frase simulada número 913,Película simulada 913
Frase simulada número 914,Película simulada 914
Frase simulada número 915,Película simulada 915
Frase simulada número 916,Película simulada 916
Frase simulada número 917,Película simulada 917
Frase simulada número 918,Película simulada 918
Frase simulada número 919,Película simulada 919
Frase simulada número 920,Película simulada 920
Frase simulada número 921,Película simulada 921
Frase simulada número 922,Película simulada 922
Frase simulada número 923,Película simulada 923
Frase simulada número 924,Película simulada 924
Frase simulada número 925,Película simulada 925
Frase simulada número 926,Película simulada 926
Frase simulada número 927,Película simulada 927
Frase simulada número 928,Película simulada 928
Frase simulada número 929,Película simulada 929
Frase simulada número 930,Película simulada 930
Frase simulada número 931,Película simulada 931
Frase simulada número 932,Película simulada 932
Frase simulada número 933,Película simulada 933
Frase simulada número 934,Película simulada 934
Frase simulada número 935,Película simulada 935
Frase simulada número 936,Película simulada 936
Frase simulada número 937,Película simulada 937
Frase simulada número 938,Película simulada 938
Frase simulada número 939,Película simulada 939
Frase simulada número 940,Película simulada 940
Frase simulada número 941,Película simulada 941
Frase simulada número 942,Película simulada 942
Frase simulada número 943,Película simulada 943
Frase simulada número 944,Película simulada 944
Frase simulada número 945,Película simulada 945
Frase simulada número 946,Película simulada 946
Frase simulada número 947,Película simulada 947
Frase simulada número 948,Película simulada 948
Frase simulada número 949,Película simulada 949
Frase simulada número 950,Película simulada 950
